lang,period,frame,n_articles,n_with_frame,share,ci_lo,ci_hi
bn,2022 pre-hike (20 Jul-4 Aug),apology_empathy,67,0,0.0,0.0,0.05422802421176257
bn,2022 post-hike (5 Aug-15 Sep),apology_empathy,361,3,0.008310249307479225,0.0028301285676455915,0.024144865511976907
bn,2026 pre-April (1 Mar-17 Apr),apology_empathy,523,3,0.0057361376673040155,0.0019526469879208603,0.016727730567685985
bn,2026 after Apr hike (18 Apr-31 May),apology_empathy,236,3,0.012711864406779662,0.004332348193521775,0.03670140074744593
bn,2026 after Jun hike (1 Jun-4 Sep),apology_empathy,219,1,0.0045662100456621,0.0008064827143618135,0.02540765324588977
bn,2026 Sep run-up (5-21 Sep),apology_empathy,70,1,0.014285714285714285,0.0025261814032348645,0.07658369703926908
bn,2022 pre-hike (20 Jul-4 Aug),corruption_syndicate,67,8,0.11940298507462686,0.06176158770587534,0.21832243072397375
bn,2022 post-hike (5 Aug-15 Sep),corruption_syndicate,361,34,0.09418282548476455,0.06818119866388106,0.12873055701310315
bn,2026 pre-April (1 Mar-17 Apr),corruption_syndicate,523,36,0.06883365200764818,0.05013147303050336,0.09382374994353665
bn,2026 after Apr hike (18 Apr-31 May),corruption_syndicate,236,21,0.08898305084745763,0.05893610462854583,0.13219670969557473
bn,2026 after Jun hike (1 Jun-4 Sep),corruption_syndicate,219,22,0.1004566210045662,0.0672787256115324,0.14741009371125113
bn,2026 Sep run-up (5-21 Sep),corruption_syndicate,70,2,0.02857142857142857,0.007870446893806289,0.09832443512391814
bn,2022 pre-hike (20 Jul-4 Aug),fairness_payscale,67,5,0.07462686567164178,0.032295572977927914,0.16309244762013875
bn,2022 post-hike (5 Aug-15 Sep),fairness_payscale,361,25,0.06925207756232687,0.04734405259949136,0.10023122390406526
bn,2026 pre-April (1 Mar-17 Apr),fairness_payscale,523,4,0.0076481835564053535,0.002978084530356454,0.019498500462172608
bn,2026 after Apr hike (18 Apr-31 May),fairness_payscale,236,12,0.05084745762711865,0.029322655580047565,0.08676062605249657
bn,2026 after Jun hike (1 Jun-4 Sep),fairness_payscale,219,12,0.0547945205479452,0.0316189325731369,0.09332003752939333
bn,2026 Sep run-up (5-21 Sep),fairness_payscale,70,6,0.08571428571428572,0.03987612654032836,0.17465876977827793
bn,2022 pre-hike (20 Jul-4 Aug),fiscal_loss,67,26,0.3880597014925373,0.28048871056929325,0.5077712948512505
bn,2022 post-hike (5 Aug-15 Sep),fiscal_loss,361,81,0.22437673130193905,0.18437330362224572,0.2701845099604158
bn,2026 pre-April (1 Mar-17 Apr),fiscal_loss,523,47,0.08986615678776291,0.06825313466038035,0.11746037011980404
bn,2026 after Apr hike (18 Apr-31 May),fiscal_loss,236,30,0.1271186440677966,0.09051259035969034,0.17566975665600665
bn,2026 after Jun hike (1 Jun-4 Sep),fiscal_loss,219,40,0.182648401826484,0.13709449383662353,0.23914405408261596
bn,2026 Sep run-up (5-21 Sep),fiscal_loss,70,14,0.2,0.12304627802949916,0.30816864689087087
bn,2022 pre-hike (20 Jul-4 Aug),global_market,67,28,0.417910447761194,0.30742116374992556,0.5373028402251399
bn,2022 post-hike (5 Aug-15 Sep),global_market,361,128,0.3545706371191136,0.30698957123674475,0.40521430025159433
bn,2026 pre-April (1 Mar-17 Apr),global_market,523,244,0.4665391969407266,0.4241823127833669,0.5093840570704942
bn,2026 after Apr hike (18 Apr-31 May),global_market,236,133,0.5635593220338984,0.4997667625938864,0.6253157918920744
bn,2026 after Jun hike (1 Jun-4 Sep),global_market,219,141,0.6438356164383562,0.5784331960139543,0.7042788290298437
bn,2026 Sep run-up (5-21 Sep),global_market,70,47,0.6714285714285714,0.5550071611698237,0.7700128817328218
bn,2022 pre-hike (20 Jul-4 Aug),govt_failure,67,5,0.07462686567164178,0.032295572977927914,0.16309244762013875
bn,2022 post-hike (5 Aug-15 Sep),govt_failure,361,21,0.05817174515235457,0.03835907526272048,0.08728887716375722
bn,2026 pre-April (1 Mar-17 Apr),govt_failure,523,7,0.01338432122370937,0.006498081274596114,0.027367126028699597
bn,2026 after Apr hike (18 Apr-31 May),govt_failure,236,5,0.0211864406779661,0.009082588371157985,0.048628834501271145
bn,2026 after Jun hike (1 Jun-4 Sep),govt_failure,219,9,0.0410958904109589,0.021768628219118093,0.07624538711733612
bn,2026 Sep run-up (5-21 Sep),govt_failure,70,3,0.04285714285714286,0.014681274851143573,0.11859861074180134
bn,2022 pre-hike (20 Jul-4 Aug),india,67,7,0.1044776119402985,0.05153704291423214,0.20031497623835617
bn,2022 post-hike (5 Aug-15 Sep),india,361,34,0.09418282548476455,0.06818119866388106,0.12873055701310315
bn,2026 pre-April (1 Mar-17 Apr),india,523,39,0.0745697896749522,0.05502637210021524,0.10031747318459142
bn,2026 after Apr hike (18 Apr-31 May),india,236,14,0.059322033898305086,0.035661909350314006,0.09709904621369157
bn,2026 after Jun hike (1 Jun-4 Sep),india,219,20,0.091324200913242,0.05989592137107039,0.1368429281076625
bn,2026 Sep run-up (5-21 Sep),india,70,14,0.2,0.12304627802949916,0.30816864689087087
bn,2022 pre-hike (20 Jul-4 Aug),protest,67,10,0.14925373134328357,0.08314184208625061,0.2534061748981201
bn,2022 post-hike (5 Aug-15 Sep),protest,361,75,0.2077562326869806,0.16908946426894464,0.25257736319809854
bn,2026 pre-April (1 Mar-17 Apr),protest,523,24,0.045889101338432124,0.031028368450263282,0.06737236528071011
bn,2026 after Apr hike (18 Apr-31 May),protest,236,15,0.0635593220338983,0.038892248179677874,0.10220754435005841
bn,2026 after Jun hike (1 Jun-4 Sep),protest,219,23,0.1050228310502283,0.07100637587770554,0.15265742836710333
bn,2026 Sep run-up (5-21 Sep),protest,70,7,0.1,0.04928867510614622,0.19233122478768055
en,2022 pre-hike (20 Jul-4 Aug),apology_empathy,11,0,0.0,2.7755575615628914e-17,0.2588400172488141
en,2022 post-hike (5 Aug-15 Sep),apology_empathy,122,0,0.0,0.0,0.0305272660233182
en,2026 pre-April (1 Mar-17 Apr),apology_empathy,213,2,0.009389671361502348,0.002578720677814561,0.03358408203162865
en,2026 after Apr hike (18 Apr-31 May),apology_empathy,79,1,0.012658227848101266,0.002237936230769212,0.06827736043177712
en,2026 after Jun hike (1 Jun-4 Sep),apology_empathy,80,1,0.0125,0.002209918618306224,0.06746432423965451
en,2026 Sep run-up (5-21 Sep),apology_empathy,15,0,0.0,-1.3877787807814457e-17,0.20388926630434784
en,2022 pre-hike (20 Jul-4 Aug),corruption_syndicate,11,0,0.0,2.7755575615628914e-17,0.2588400172488141
en,2022 post-hike (5 Aug-15 Sep),corruption_syndicate,122,7,0.05737704918032787,0.028068085045679897,0.11371015045037228
en,2026 pre-April (1 Mar-17 Apr),corruption_syndicate,213,36,0.16901408450704225,0.1246525031784173,0.225103263242786
en,2026 after Apr hike (18 Apr-31 May),corruption_syndicate,79,3,0.0379746835443038,0.012997851302069409,0.10580236501437063
en,2026 after Jun hike (1 Jun-4 Sep),corruption_syndicate,80,5,0.0625,0.026988977697985535,0.1381032915335177
en,2026 Sep run-up (5-21 Sep),corruption_syndicate,15,0,0.0,-1.3877787807814457e-17,0.20388926630434784
en,2022 pre-hike (20 Jul-4 Aug),fairness_payscale,11,1,0.09090909090909091,0.01623175226282597,0.3773646254862038
en,2022 post-hike (5 Aug-15 Sep),fairness_payscale,122,3,0.02459016393442623,0.008397468237782701,0.0698087847024215
en,2026 pre-April (1 Mar-17 Apr),fairness_payscale,213,2,0.009389671361502348,0.002578720677814561,0.03358408203162865
en,2026 after Apr hike (18 Apr-31 May),fairness_payscale,79,1,0.012658227848101266,0.002237936230769212,0.06827736043177712
en,2026 after Jun hike (1 Jun-4 Sep),fairness_payscale,80,0,0.0,-3.469446951953614e-18,0.0458197362645751
en,2026 Sep run-up (5-21 Sep),fairness_payscale,15,0,0.0,-1.3877787807814457e-17,0.20388926630434784
en,2022 pre-hike (20 Jul-4 Aug),fiscal_loss,11,1,0.09090909090909091,0.01623175226282597,0.3773646254862038
en,2022 post-hike (5 Aug-15 Sep),fiscal_loss,122,23,0.1885245901639344,0.12903622583107394,0.26702993988837015
en,2026 pre-April (1 Mar-17 Apr),fiscal_loss,213,26,0.12206572769953052,0.0846773225978456,0.17284521920225182
en,2026 after Apr hike (18 Apr-31 May),fiscal_loss,79,21,0.26582278481012656,0.1809320580959944,0.37243243510548885
en,2026 after Jun hike (1 Jun-4 Sep),fiscal_loss,80,21,0.2625,0.1785727122600286,0.3681916624656446
en,2026 Sep run-up (5-21 Sep),fiscal_loss,15,3,0.2,0.07047420643610414,0.4518593533465045
en,2022 pre-hike (20 Jul-4 Aug),global_market,11,0,0.0,2.7755575615628914e-17,0.2588400172488141
en,2022 post-hike (5 Aug-15 Sep),global_market,122,32,0.26229508196721313,0.19235330068179046,0.3467498257883117
en,2026 pre-April (1 Mar-17 Apr),global_market,213,95,0.4460093896713615,0.380797081448324,0.5131347102374042
en,2026 after Apr hike (18 Apr-31 May),global_market,79,45,0.569620253164557,0.4597200056030372,0.6730635234451705
en,2026 after Jun hike (1 Jun-4 Sep),global_market,80,59,0.7375,0.6318083375343555,0.8214272877399715
en,2026 Sep run-up (5-21 Sep),global_market,15,9,0.6,0.357464427565077,0.8017577191740534
en,2022 pre-hike (20 Jul-4 Aug),govt_failure,11,0,0.0,2.7755575615628914e-17,0.2588400172488141
en,2022 post-hike (5 Aug-15 Sep),govt_failure,122,5,0.040983606557377046,0.017630459445038327,0.09236178477308984
en,2026 pre-April (1 Mar-17 Apr),govt_failure,213,0,0.0,0.0,0.017716157785222023
en,2026 after Apr hike (18 Apr-31 May),govt_failure,79,1,0.012658227848101266,0.002237936230769212,0.06827736043177712
en,2026 after Jun hike (1 Jun-4 Sep),govt_failure,80,1,0.0125,0.002209918618306224,0.06746432423965451
en,2026 Sep run-up (5-21 Sep),govt_failure,15,0,0.0,-1.3877787807814457e-17,0.20388926630434784
en,2022 pre-hike (20 Jul-4 Aug),india,11,0,0.0,2.7755575615628914e-17,0.2588400172488141
en,2022 post-hike (5 Aug-15 Sep),india,122,9,0.07377049180327869,0.03929335962779893,0.13427086714617725
en,2026 pre-April (1 Mar-17 Apr),india,213,21,0.09859154929577464,0.06539131111585818,0.14601461837368623
en,2026 after Apr hike (18 Apr-31 May),india,79,6,0.0759493670886076,0.03527156793366646,0.15595602786361415
en,2026 after Jun hike (1 Jun-4 Sep),india,80,4,0.05,0.01961323712729557,0.121624525510822
en,2026 Sep run-up (5-21 Sep),india,15,1,0.06666666666666667,0.011866588606194856,0.2981707755242399
en,2022 pre-hike (20 Jul-4 Aug),protest,11,0,0.0,2.7755575615628914e-17,0.2588400172488141
en,2022 post-hike (5 Aug-15 Sep),protest,122,13,0.10655737704918032,0.06333639360136176,0.1737998157284624
en,2026 pre-April (1 Mar-17 Apr),protest,213,20,0.09389671361502347,0.0616064333978824,0.14057617362955144
en,2026 after Apr hike (18 Apr-31 May),protest,79,8,0.10126582278481013,0.05221118365843358,0.1873013317927407
en,2026 after Jun hike (1 Jun-4 Sep),protest,80,22,0.275,0.18917622847735993,0.38144265284169887
en,2026 Sep run-up (5-21 Sep),protest,15,2,0.13333333333333333,0.0373604698913593,0.3788249920651624
